<assembly xmlns="http://maven.apache.org/plugins/maven-assembly-plugin/assembly/1.1.0"   
  xmlns:xsi="http://www.w3.org/2001/XMLSchema-instance"    xsi:schemaLocation="http://maven.apache.org/plugins/maven-assembly-plugin/assembly/1.1.0 http://maven.apache.org/xsd/assembly-1.1.0.xsd">  
  <!-- TODO: a jarjar format would be better -->  
  <id>hainiu</id>  
  <formats>  
    <format>jar</format>
  </formats>  
  <includeBaseDirectory>false</includeBaseDirectory>
  <fileSets>
    <fileSet>
         <directory>${project.build.directory}/classes</directory>
         <outputDirectory>/</outputDirectory>
         <excludes>
      		<exclude>*.xml</exclude>
            <!--       <exclude>*.properties</exclude> -->
         </excludes>
     </fileSet>
  </fileSets>  
  <dependencySets>
    <dependencySet>  
      <outputDirectory>/</outputDirectory>  
      <useProjectArtifact>false</useProjectArtifact>  
      <unpack>true</unpack>  
      <scope>runtime</scope>  
    </dependencySet>    
  </dependencySets> 
</assembly>